﻿ID,DueDate,InvoiceNumber,InvoiceDate,CompanyName,TotalDue
rykcc3m6nde1lqaahclct6,09/28/2019,284213,06/03/2019,Aenean LLC,9778.40
akjx9bmlv7hcnt41kdco6i,11/15/2019," 16996",06/20/2019,Sit Amet Corp.,$2100.00
oglplzxtlqkaiosemifra8,08/31/2019,284212,06/02/2019,Aenean LLC,4139.60
uhuz5suzu3pss0jwp8kmfq,09/30/2019,284210,06/01/2019,Aenean LLC,3000.00
cubuo82ig85txgcnngpbl,11/29/2019," 11448",06/26/2019,Sit Rmet Corp.,$7288.80
2f3bsrbsjzfprjyazq06xe,10/03/2019,284228,06/28/2019,Aenean LLC,1800.00
2saf4luhi2agh5c4lxnzre,12/12/2019," 16892",06/01/2019,Sit Rmet Corp.,$21442.80
oble688haukaskmhkqlnb9,12/05/2019," 13759",06/19/2019,Sit Amet Corp.,$879.60
sy3du2640lgqo1bfp0u2r,12/14/2019,11577,06/30/2019,Sit Rmet Corp.,$17310.00
x0hnto5y92q2chbg300sh,12/04/2019," 18752",07/01/2019,Sit Rmet Corp.,$200.80
vr464af37ehqb7gukdezy,09/22/2019,284232,06/15/2019,Aenean LLC,1009.80
chazp94l1ve3k6mndju4ri,10/20/2019,284221,06/20/2019,Aenean LLC,6300.00
